Date,Close,High,Low,Open,Volume,High_Low,ATR
2021-04-14,328.2799987792969,429.5400085449219,310.0,381.0,81065700,119.54000854492188,
2021-04-15,322.75,349.20001220703125,317.2699890136719,348.8999938964844,39777900,31.930023193359375,
2021-04-16,342.0,345.989990234375,321.0299987792969,327.5,22654500,24.959991455078125,
2021-04-19,333.0,341.010009765625,326.7900085449219,337.260009765625,11405600,14.220001220703125,
2021-04-20,320.82000732421875,334.8299865722656,312.0199890136719,333.42999267578125,18082300,22.80999755859375,
2021-04-21,311.9200134277344,327.4700012207031,302.1000061035156,312.5199890136719,10103900,25.3699951171875,
2021-04-22,293.45001220703125,313.5,287.20001220703125,305.760009765625,14991900,26.29998779296875,
2021-04-23,291.6000061035156,303.0,282.07000732421875,282.75,9853800,20.92999267578125,
2021-04-26,304.5400085449219,306.1000061035156,296.8999938964844,304.2900085449219,6330200,9.20001220703125,
2021-04-27,302.0,306.70001220703125,299.5,306.70001220703125,3902000,7.20001220703125,
2021-04-28,298.04998779296875,302.8999938964844,298.04998779296875,301.010009765625,2746100,4.850006103515625,
2021-04-29,294.7699890136719,300.0,292.1000061035156,298.45001220703125,2845800,7.899993896484375,
2021-04-30,297.6400146484375,302.739990234375,291.0,293.0,3997400,11.739990234375,
2021-05-03,294.2099914550781,305.0299987792969,293.94000244140625,304.0,3333800,11.089996337890625,24.145714896065847
2021-05-04,280.6600036621094,292.19000244140625,275.6099853515625,292.05999755859375,5707700,16.58001708984375,16.791429792131698
2021-05-05,273.0,289.1499938964844,269.0,284.95001220703125,5074600,20.149993896484375,15.949999128069196
2021-05-06,256.760009765625,272.1400146484375,250.50999450683594,271.1499938964844,8342000,21.630020141601562,15.712144034249443
2021-05-07,263.70001220703125,267.07000732421875,258.3800048828125,261.1499938964844,4243700,8.69000244140625,15.317144121442523
2021-05-10,293.45001220703125,297.5,259.3699951171875,266.3999938964844,10268600,38.1300048828125,16.41143035888672
2021-05-11,303.0,303.32000732421875,276.510009765625,281.04998779296875,7456000,26.80999755859375,16.51428767613002
2021-05-12,283.6099853515625,306.9800109863281,280.7900085449219,299.5400085449219,7214200,26.19000244140625,16.506431579589844
2021-05-13,265.1000061035156,285.0,252.25999450683594,276.4599914550781,11226800,32.74000549316406,17.350003923688615
2021-05-14,258.3699951171875,280.6400146484375,256.3500061035156,280.3699951171875,11751800,24.290008544921875,18.427860804966517
2021-05-17,248.24000549316406,250.25,238.25,250.0,8828100,12.0,18.770717075892858
2021-05-18,239.0,252.1699981689453,238.5,238.8300018310547,7852100,13.669998168945312,19.400716509137833
2021-05-19,224.8000030517578,229.0,208.0,212.92999267578125,16766000,21.0,20.33643123081752
2021-05-20,233.39999389648438,238.8000030517578,226.25999450683594,236.10000610351562,10386900,12.540008544921875,20.393575395856583
2021-05-21,224.35000610351562,238.97000122070312,223.89999389648438,235.97000122070312,7554900,15.07000732421875,20.67786189488002
2021-05-24,225.3000030517578,231.0,224.0399932861328,227.27999877929688,10185600,6.9600067138671875,19.990718296595983
2021-05-25,242.41000366210938,243.99000549316406,228.0,230.0,11827800,15.990005493164062,19.69357626778739
2021-05-26,241.52000427246094,249.38999938964844,239.3699951171875,247.5,6602800,10.020004272460938,18.86428941999163
2021-05-27,247.08999633789062,247.24000549316406,240.32000732421875,245.2100067138672,5083300,6.9199981689453125,18.737860543387278
2021-05-28,236.5399932861328,244.6300048828125,236.5399932861328,243.57000732421875,5091500,8.090011596679688,16.592146737234934
2021-06-01,238.92999267578125,244.7100067138672,238.10000610351562,238.50999450683594,3962700,6.6100006103515625,15.149289812360491
2021-06-02,240.47999572753906,243.89999389648438,238.7100067138672,242.8000030517578,3383800,5.1899871826171875,13.649288722446986
2021-06-03,233.66000366210938,241.5,233.5,241.38999938964844,3091100,8.0,11.882145472935267
2021-06-04,228.7899932861328,233.36000061035156,227.5,229.99000549316406,3775100,5.8600006103515625,10.565716334751674
2021-06-07,231.4499969482422,232.55999755859375,226.5,229.9199981689453,2658300,6.05999755859375,10.141430446079799
2021-06-08,220.66000366210938,229.3300018310547,217.39999389648438,227.16000366210938,6015800,11.930007934570312,10.017145429338727
2021-06-09,224.32000732421875,229.7899932861328,217.39999389648438,222.8000030517578,6865900,12.389999389648438,9.402145385742188
2021-06-10,221.85000610351562,229.7899932861328,221.47000122070312,226.22000122070312,3955300,8.319992065429688,9.100715637207031
2021-06-11,223.9199981689453,225.74000549316406,221.9600067138672,223.5,2383500,3.779998779296875,8.294286455426898
2021-06-14,239.10000610351562,239.75999450683594,229.75999450683594,231.27000427246094,6151700,10.0,8.511428833007812
2021-06-15,232.2100067138672,237.6699981689453,230.9600067138672,236.22999572753906,3007900,6.709991455078125,7.848570687430246
2021-06-16,228.0500030517578,234.67999267578125,226.27999877929688,231.39999389648438,2874800,8.399993896484375,7.732855660574777
2021-06-17,230.66000366210938,233.22999572753906,226.35000610351562,226.8800048828125,2589600,6.8799896240234375,7.729997907366071
2021-06-18,229.2899932861328,232.69000244140625,226.5,226.9199981689453,3265200,6.19000244140625,7.594282967703683
2021-06-21,222.60000610351562,224.99000549316406,218.77000427246094,223.13999938964844,4687600,6.220001220703125,7.566425868443081
2021-06-22,222.47000122070312,223.14999389648438,210.77000427246094,216.25,6206100,12.379989624023438,8.07999747140067
2021-06-23,226.00999450683594,230.52000427246094,224.5,225.5399932861328,3394700,6.0200042724609375,7.938569205147879
2021-06-24,229.92999267578125,230.0399932861328,226.6699981689453,228.4600067138672,2857700,3.3699951171875,7.760711669921875
2021-06-25,224.5399932861328,227.82000732421875,223.22000122070312,226.97000122070312,2507000,4.600006103515625,7.656426565987723
2021-06-28,246.69000244140625,248.05999755859375,226.1300048828125,227.63999938964844,7449000,21.92999267578125,8.370711190359932
2021-06-29,254.89999389648438,261.1499938964844,250.00999450683594,250.1999969482422,7867600,11.139999389648438,8.281425476074219
2021-06-30,253.3000030517578,254.6699981689453,247.0,248.3000030517578,4143500,7.6699981689453125,8.234997340611049
2021-07-01,241.44000244140625,255.14999389648438,240.52999877929688,251.08999633789062,3611300,14.6199951171875,9.009282793317523
2021-07-02,240.72000122070312,246.8000030517578,238.8800048828125,242.0,2325000,7.9199981689453125,8.860711233956474
2021-07-06,235.41000366210938,243.0,234.02000427246094,243.0,2212600,8.979995727539062,9.022854396275111
2021-07-07,251.97000122070312,252.99000549316406,232.33999633789062,238.9600067138672,4804400,20.650009155273438,9.897855486188616
2021-07-08,244.2899932861328,246.60000610351562,233.61000061035156,239.0,4350000,12.990005493164062,10.334285191127233
2021-07-09,253.8800048828125,256.989990234375,244.2100067138672,245.0,4457400,12.779983520507812,10.804998125348773
2021-07-12,247.6699981689453,254.88999938964844,246.8300018310547,254.0,2222100,8.05999755859375,10.936426435198102
2021-07-13,243.30999755859375,249.14999389648438,242.92999267578125,245.50999450683594,3308000,6.220001220703125,10.496427263532366
2021-07-14,229.94000244140625,247.4499969482422,229.16000366210938,244.89999389648438,4808400,18.289993286132812,11.372855050223214
2021-07-15,224.6300048828125,234.47000122070312,220.3699951171875,229.94000244140625,3635900,14.100006103515625,12.139284406389509
2021-07-16,225.00999450683594,231.3000030517578,220.66000366210938,227.1999969482422,3373100,10.639999389648438,12.570712498256139
2021-07-19,220.61000061035156,221.88999938964844,213.22000122070312,216.9199981689453,3149300,8.669998168945312,11.623570033482142
2021-07-20,224.9600067138672,226.88999938964844,213.22999572753906,216.7100067138672,3104800,13.660003662109375,11.803570338657924
2021-07-21,230.8699951171875,237.14999389648438,229.19000244140625,231.6999969482422,3677400,7.959991455078125,11.824284144810267
2021-07-22,226.0800018310547,232.32000732421875,224.5,232.0,2551700,7.82000732421875,11.338570731026786
2021-07-23,224.9199981689453,227.35000610351562,222.72999572753906,226.22000122070312,1574700,4.6200103759765625,11.102857317243304
2021-07-26,245.4499969482422,249.8000030517578,237.8800048828125,240.0800018310547,7615700,11.919998168945312,11.312857491629464
2021-07-27,235.0800018310547,243.2100067138672,229.1199951171875,243.0,5636400,14.090011596679688,10.844286237444196
2021-07-28,241.75,242.8699951171875,238.02999877929688,240.3000030517578,2065200,4.839996337890625,10.262142726353236
2021-07-29,235.77999877929688,245.16000366210938,235.3300018310547,241.77000427246094,2453100,9.830001831054688,10.051429748535156
2021-07-30,236.5800018310547,238.07000732421875,231.89999389648438,233.27999877929688,2041100,6.170013427734375,9.916430882045201
2021-08-02,235.39999389648438,240.3800048828125,233.8000030517578,237.27999877929688,2151300,6.5800018310546875,9.942145211356026
2021-08-03,230.17999267578125,235.69000244140625,226.91000366210938,233.8699951171875,2850500,8.779998779296875,9.262859889439174
2021-08-04,244.36000061035156,245.47000122070312,229.85000610351562,231.05999755859375,3684700,15.6199951171875,9.37143053327288
2021-08-05,255.5,258.30999755859375,237.58999633789062,239.75999450683594,6017800,20.720001220703125,10.0914306640625
2021-08-06,258.260009765625,263.8999938964844,250.22999572753906,255.5,5579900,13.669998168945312,10.448573521205358
2021-08-09,280.4700012207031,282.42999267578125,267.5,267.8500061035156,8892400,14.92999267578125,10.53928702218192
2021-08-10,269.6700134277344,281.5,264.25,280.6700134277344,7723400,17.25,11.202859061104911
2021-08-11,278.3999938964844,294.0,274.3500061035156,282.3399963378906,13998300,19.649993896484375,12.047858101981026
2021-08-12,256.5,267.75,255.1999969482422,266.3900146484375,8247800,12.550003051757812,12.614286150251116
2021-08-13,261.25,266.5,259.9700012207031,262.82000732421875,4472800,6.529998779296875,12.229286193847656
2021-08-16,256.8299865722656,265.42999267578125,253.60000610351562,265.260009765625,3232200,11.829986572265625,12.067855834960938
2021-08-17,250.8000030517578,260.739990234375,246.22999572753906,253.13999938964844,3102000,14.509994506835938,12.758569989885602
2021-08-18,244.38999938964844,254.39999389648438,243.75999450683594,249.0,2565000,10.639999389648438,12.816426958356585
2021-08-19,248.24000549316406,249.77000427246094,239.19000244140625,240.60000610351562,3247200,10.580001831054688,13.131426130022321
2021-08-20,257.32000732421875,260.6199951171875,251.4199981689453,252.0,4031100,9.199996948242188,13.318568638392858
2021-08-23,256.0,266.5,255.0,263.6700134277344,5705300,11.5,13.512854439871651
2021-08-24,259.2799987792969,260.25,253.1999969482422,256.989990234375,3982800,7.0500030517578125,12.900712149483818
2021-08-25,256.7699890136719,262.1099853515625,256.0,257.0,2675100,6.1099853515625,11.857139587402344
2021-08-26,248.5399932861328,255.1999969482422,248.5,253.2100067138672,3038900,6.6999969482421875,11.35928235735212
2021-08-27,259.1199951171875,259.6700134277344,248.08999633789062,249.38999938964844,3201400,11.58001708984375,11.119998386928014
2021-08-30,262.6600036621094,263.3399963378906,256.25,256.3500061035156,2687600,7.089996337890625,10.394283839634486
2021-08-31,259.0,263.3999938964844,257.17999267578125,260.0199890136719,2493800,6.220001220703125,9.434998648507255
2021-09-01,265.8999938964844,272.1000061035156,258.6300048828125,260.30999755859375,4789600,13.470001220703125,9.50071280343192
2021-09-02,268.17999267578125,275.6600036621094,266.0,272.5400085449219,3733200,9.660003662109375,9.72428458077567
2021-09-03,278.44000244140625,280.6099853515625,270.0299987792969,272.0,4425700,10.579986572265625,9.634998866489955
2021-09-07,266.80999755859375,278.8699951171875,262.6000061035156,277.0,5173000,16.269989013671875,9.76071275983538
2021-09-08,258.20001220703125,262.95001220703125,253.8800048828125,257.0,4507600,9.07000732421875,9.648570469447545
2021-09-09,256.4200134277344,263.80999755859375,255.6999969482422,260.29998779296875,3074500,8.110000610351562,9.472141810825892
2021-09-10,248.32000732421875,258.8699951171875,247.39999389648438,257.30999755859375,3191300,11.470001220703125,9.634284973144531
2021-09-13,242.83999633789062,251.8800048828125,239.60000610351562,246.50999450683594,4021400,12.279998779296875,9.689999171665736
2021-09-14,243.0,248.7899932861328,241.27000427246094,247.25,2748900,7.519989013671875,9.723569597516741
2021-09-15,247.07000732421875,249.47000122070312,242.0500030517578,244.0,2148300,7.4199981689453125,9.817141941615514
2021-09-16,243.2100067138672,247.4600067138672,239.61000061035156,247.3800048828125,2596800,7.850006103515625,9.899285452706474
2021-09-17,245.19000244140625,245.6300048828125,238.75,243.1300048828125,2948000,6.8800048828125,9.563570295061384
2021-09-20,236.52999877929688,237.36000061035156,231.14999389648438,234.4499969482422,4192600,6.2100067138671875,9.500713893345424
2021-09-21,238.4600067138672,240.25999450683594,234.25999450683594,237.00999450683594,2174700,6.0,9.484999520438057
2021-09-22,241.85000610351562,243.1999969482422,237.75999450683594,239.91000366210938,1660200,5.44000244140625,8.91142817905971
2021-09-23,237.5,245.8000030517578,237.07000732421875,244.57000732421875,3151300,8.729995727539062,8.844999040876116
2021-09-24,231.82000732421875,235.30999755859375,229.1699981689453,231.0,3700000,6.1399993896484375,8.527857099260602
2021-09-27,232.24000549316406,233.39999389648438,227.35000610351562,231.8800048828125,3234800,6.04998779296875,7.797857012067523
2021-09-28,229.83999633789062,232.50999450683594,227.52000427246094,229.67999267578125,3231200,4.989990234375,7.5064272199358255
2021-09-29,225.27999877929688,233.77000427246094,225.0399932861328,231.0,2547300,8.730010986328125,7.550713675362723
2021-09-30,227.47999572753906,229.99000549316406,225.27999877929688,227.0,2514700,4.7100067138671875,7.067856924874442
2021-10-01,231.14999389648438,235.75999450683594,226.92999267578125,232.88999938964844,3457300,8.830001831054688,6.821428571428571
2021-10-04,229.30999755859375,233.10000610351562,224.50999450683594,231.49000549316406,2591100,8.590011596679688,6.897858755929129
2021-10-05,240.08999633789062,240.08999633789062,230.7899932861328,231.35000610351562,2994400,9.300003051757812,7.032144818987165
2021-10-06,250.3800048828125,252.13999938964844,242.1999969482422,242.39999389648438,5747700,9.94000244140625,7.181430271693638
2021-10-07,251.58999633789062,253.0,245.64999389648438,248.0,3213200,7.350006103515625,7.215001787458148
2021-10-08,248.13999938964844,256.17999267578125,246.89999389648438,253.52999877929688,2873700,9.279998779296875,7.434286934988839
2021-10-11,256.5,263.19000244140625,248.49000549316406,249.57000732421875,4945300,14.699996948242188,8.05571528843471
2021-10-12,249.3300018310547,256.3699951171875,246.0800018310547,254.25999450683594,3971900,10.289993286132812,8.402143205915179
2021-10-13,246.77999877929688,249.72999572753906,244.55999755859375,246.5,2878000,5.1699981689453125,8.147857666015625
2021-10-14,260.0,262.95001220703125,249.10000610351562,250.89999389648438,6299100,13.850006103515625,8.698572431291852
2021-10-15,280.6099853515625,281.7200012207031,266.5299987792969,266.6000061035156,9517500,15.19000244140625,9.35143062046596
2021-10-18,293.3399963378906,296.9800109863281,271.5,275.739990234375,11789600,25.480010986328125,10.815003531319755
2021-10-19,305.6300048828125,307.8500061035156,294.1099853515625,300.0,14785700,13.740020751953125,11.17286137172154
2021-10-20,314.7099914550781,317.3699951171875,303.9599914550781,306.6600036621094,10315300,13.410003662109375,11.794289725167411
2021-10-21,300.010009765625,317.17999267578125,298.0,311.9599914550781,8289200,19.17999267578125,12.533574785505023
2021-10-22,300.8399963378906,306.0,293.6199951171875,302.0,5437300,12.3800048828125,12.804288591657366
2021-10-25,325.5400085449219,327.0,305.1099853515625,306.760009765625,8444900,21.8900146484375,13.703575134277344
2021-10-26,319.489990234375,328.4800109863281,315.510009765625,328.1499938964844,7635800,12.970001220703125,13.920003618512835
2021-10-27,311.6700134277344,320.2799987792969,306.5,309.3299865722656,5253300,13.779998779296875,14.379288809640068
2021-10-28,319.1300048828125,327.7200012207031,311.0,319.80999755859375,5952300,16.720001220703125,14.910717555454799
2021-10-29,319.4200134277344,326.5,316.1400146484375,319.32000732421875,3766400,10.3599853515625,14.600716727120536
2021-11-01,330.989990234375,338.42999267578125,323.8999938964844,324.7699890136719,6255900,14.529998779296875,14.90357426234654
2021-11-02,336.3399963378906,345.25,332.1400146484375,336.3299865722656,6104700,13.1099853515625,15.470716203962054
2021-11-03,344.3800048828125,344.4700012207031,328.30999755859375,335.260009765625,4809800,16.160003662109375,15.635716029575892
2021-11-04,344.45001220703125,345.8500061035156,333.8800048828125,340.739990234375,5893700,11.970001220703125,15.405715942382812
2021-11-05,337.04998779296875,345.2300109863281,333.44000244140625,345.2300109863281,3527600,11.790008544921875,14.427858625139509
2021-11-08,353.9200134277344,363.1700134277344,345.55999755859375,349.5,8531100,17.610015869140625,14.704286847795759
2021-11-09,357.3900146484375,368.8999938964844,345.05999755859375,367.3900146484375,10153700,23.839996337890625,15.449286324637276
2021-11-10,328.6000061035156,348.9800109863281,320.0,327.2200012207031,15168900,28.980010986328125,16.149287632533483
2021-11-11,336.3900146484375,342.489990234375,327.0,327.42999267578125,4905800,15.489990234375,16.371429443359375
2021-11-12,342.9800109863281,344.0,332.55999755859375,339.25,4469900,11.44000244140625,15.625
2021-11-15,345.3599853515625,355.20001220703125,339.0299987792969,345.1000061035156,4465700,16.170013427734375,15.853572300502233
2021-11-16,342.1199951171875,347.3999938964844,331.5799865722656,333.1400146484375,4128100,15.82000732421875,15.99928719656808
2021-11-17,346.5199890136719,348.489990234375,338.17999267578125,342.0299987792969,3772100,10.30999755859375,15.541429792131696
2021-11-18,323.57000732421875,344.8399963378906,323.4100036621094,343.0,5408800,21.42999267578125,16.332144601004465
2021-11-19,332.54998779296875,339.4100036621094,325.3999938964844,325.55999755859375,3680400,14.010009765625,16.29500252859933
2021-11-22,315.4800109863281,335.8999938964844,310.6700134277344,333.3299865722656,5013600,25.22998046875,17.160716465541295
2021-11-23,317.20001220703125,319.70001220703125,304.6000061035156,312.5,3465000,15.100006103515625,17.08500235421317
2021-11-24,312.3800048828125,316.32000732421875,305.8800048828125,309.3800048828125,2759800,10.44000244140625,16.975716727120535
2021-11-26,303.19000244140625,307.9200134277344,299.1499938964844,301.29998779296875,2678700,8.77001953125,16.760003226143972
2021-11-29,319.3900146484375,321.5799865722656,306.75,312.2200012207031,4159700,14.829986572265625,16.561429704938615
2021-11-30,315.0,331.70001220703125,310.9800109863281,320.75,7168400,20.720001220703125,16.338572910853795
2021-12-01,294.5,323.0,293.70001220703125,318.6000061035156,4267500,29.29998779296875,16.36142839704241
2021-12-02,284.7099914550781,305.32000732421875,283.82000732421875,295.1600036621094,4625100,21.5,16.790714808872767
2021-12-03,265.6499938964844,286.0,258.1600036621094,286.0,7271100,27.839996337890625,17.962142944335938
2021-12-06,263.239990234375,267.2300109863281,244.4600067138672,253.1300048828125,5366400,22.770004272460938,18.433570861816406
2021-12-07,286.4200134277344,290.19000244140625,274.9100036621094,277.6499938964844,4648200,15.279998779296875,18.394998822893417
2021-12-08,287.4800109863281,290.0,278.2900085449219,284.44000244140625,2495900,11.709991455078125,18.494998386928014
2021-12-09,263.9100036621094,284.989990234375,258.9200134277344,284.9700012207031,5394600,26.069976806640625,18.82642582484654
2021-12-10,255.75999450683594,269.19000244140625,250.14999389648438,266.29998779296875,5062100,19.040008544921875,19.185711451939174
2021-12-13,251.3699951171875,256.5,244.8000030517578,252.13999938964844,3410400,11.699996948242188,18.219284057617188
2021-12-14,255.86000061035156,260.5,243.5,247.27999877929688,3866600,17.0,18.354997907366073
2021-12-15,258.29998779296875,261.1700134277344,242.25999450683594,254.49000549316406,4623500,18.910018920898438,18.959999084472656
2021-12-16,247.1699981689453,268.260009765625,244.6300048828125,264.4599914550781,3346600,23.6300048828125,20.021426609584264
2021-12-17,243.35000610351562,250.47999572753906,236.0,240.0,4420300,14.479995727539062,19.996427263532365
2021-12-20,238.0500030517578,239.3699951171875,231.77000427246094,236.55999755859375,3572200,7.5999908447265625,19.059283665248326
2021-12-21,247.69000244140625,248.1199951171875,239.58999633789062,244.14999389648438,2776500,8.529998779296875,17.57571302141462
2021-12-22,254.5500030517578,254.7899932861328,245.63999938964844,248.50999450683594,3779100,9.149993896484375,16.69356972830636
2021-12-23,268.1499938964844,269.30999755859375,253.5,256.55999755859375,4106100,15.80999755859375,15.834284101213727
2021-12-27,280.2699890136719,281.989990234375,270.20001220703125,270.260009765625,4448900,11.78997802734375,15.049996512276786
2021-12-28,261.3299865722656,270.9800109863281,259.69000244140625,270.0,4372800,11.290008544921875,14.764997209821429
2021-12-29,252.60000610351562,263.010009765625,251.3699951171875,256.6700134277344,3474300,11.6400146484375,14.759998866489955
2021-12-30,256.7900085449219,260.0,252.0399932861328,252.60000610351562,2887600,7.9600067138671875,13.466429574148995
2021-12-31,252.3699951171875,259.2099914550781,251.52000427246094,255.80999755859375,2360300,7.6899871826171875,12.655713762555804
2022-01-03,251.0500030517578,261.6300048828125,250.63999938964844,256.2699890136719,3350900,10.990005493164062,12.60500008719308
2022-01-04,250.14999389648438,258.80999755859375,244.13999938964844,253.0500030517578,3652600,14.669998168945312,12.438571384974889
2022-01-05,234.22999572753906,248.69000244140625,232.86000061035156,247.72000122070312,5196300,15.830001831054688,12.218570164271764
2022-01-06,234.0,235.97999572753906,224.8800048828125,233.19000244140625,5236000,11.099990844726562,11.323569161551339
2022-01-07,232.3300018310547,238.47999572753906,227.58999633789062,233.6300048828125,3312000,10.889999389648438,11.067140851702009
2022-01-10,225.00999450683594,225.25999450683594,214.63999938964844,224.42999267578125,6800800,10.6199951171875,11.282855442592076
2022-01-11,237.22999572753906,238.0,222.17999267578125,225.5,5585600,15.82000732421875,11.803570338657924
2022-01-12,234.6999969482422,246.27000427246094,234.4199981689453,242.11000061035156,3937000,11.850006103515625,11.99642835344587
2022-01-13,228.22999572753906,242.8699951171875,227.19000244140625,241.99000549316406,3814100,15.67999267578125,11.987142290387835
2022-01-14,230.02999877929688,232.0,222.3000030517578,226.6199951171875,4325600,9.699996948242188,11.837857927594866
2022-01-18,222.0,227.19000244140625,219.60000610351562,226.82000732421875,3483000,7.589996337890625,11.573571341378349
2022-01-19,219.5,227.1699981689453,218.82000732421875,224.25,2976700,8.349990844726562,11.338569641113281
2022-01-20,221.6199951171875,232.0,220.83999633789062,222.3000030517578,3691200,11.160003662109375,11.567140851702009
2022-01-21,191.97000122070312,210.19000244140625,186.86000061035156,209.97999572753906,13628300,23.330001831054688,12.68428475516183
2022-01-24,191.47999572753906,191.86000061035156,162.50999450683594,173.17999267578125,12978700,29.350006103515625,13.995713370186943
2022-01-25,185.6300048828125,193.1199951171875,177.14999389648438,185.1699981689453,6271300,15.970001220703125,14.088570731026786
2022-01-26,178.63999938964844,198.0500030517578,177.0,193.60000610351562,7566300,21.050003051757812,14.461427961077009
2022-01-27,170.1999969482422,182.75,168.5800018310547,182.02999877929688,5551900,14.169998168945312,14.680714198521205
2022-01-28,177.5800018310547,181.75,162.1999969482422,169.10000610351562,6475800,19.550003051757812,15.299285888671875
2022-01-31,190.14999389648438,192.0,175.02999877929688,177.8699951171875,4060500,16.970001220703125,15.752857753208705
2022-02-01,197.72999572753906,201.4499969482422,188.6199951171875,197.97000122070312,5159000,12.830001831054688,15.539285932268415
2022-02-02,187.3699951171875,197.0,181.72999572753906,195.80999755859375,3861700,15.270004272460938,15.783571515764509
2022-02-03,181.30999755859375,189.3000030517578,179.0,182.25999450683594,3417000,10.300003051757812,15.399286542619977
2022-02-04,194.44000244140625,197.0,177.4499969482422,181.02000427246094,4397900,19.550003051757812,16.10285840715681
2022-02-07,205.74000549316406,211.11000061035156,198.1999969482422,198.6999969482422,6668300,12.910003662109375,16.48285893031529
2022-02-08,208.72999572753906,209.25,196.75,200.3699951171875,4639100,12.5,16.779288155691965
2022-02-09,214.5,215.25,207.61000061035156,210.17999267578125,3811700,7.6399993896484375,16.52785927908761
2022-02-10,204.77000427246094,217.49000549316406,202.86000061035156,210.57000732421875,4587400,14.6300048828125,15.906430925641741
2022-02-11,194.52999877929688,205.97999572753906,191.02000427246094,205.8000030517578,5054200,14.959991455078125,14.878572736467634
2022-02-14,195.25,203.55999755859375,193.4600067138672,193.47999572753906,4528100,10.099990844726562,14.459286281040736
2022-02-15,208.9499969482422,209.30999755859375,201.17999267578125,202.30999755859375,3714300,8.1300048828125,13.536429268973214
2022-02-16,207.9600067138672,214.02000427246094,203.8300018310547,205.3800048828125,3593600,10.19000244140625,13.252143859863281
2022-02-17,191.9199981689453,206.30999755859375,188.92999267578125,202.10000610351562,4740600,17.3800048828125,13.097143990652901
2022-02-18,189.16000366210938,192.72000122070312,180.5399932861328,191.0800018310547,4502200,12.180007934570312,12.755001613071986
2022-02-22,176.75999450683594,185.75,173.16000366210938,180.8699951171875,4472800,12.589996337890625,12.737858363560267
2022-02-23,172.74000549316406,183.33999633789062,171.77000427246094,180.69000244140625,3892500,11.569992065429688,12.47357177734375
2022-02-24,179.55999755859375,183.0,155.9199981689453,159.0800018310547,8134000,27.080001831054688,13.672143118722099
2022-02-25,176.8300018310547,182.08999633789062,170.39999389648438,180.24000549316406,6836800,11.69000244140625,13.110714503696986
2022-02-28,190.77000427246094,192.22999572753906,172.08999633789062,172.5,8036300,20.139999389648438,13.627142769949776
2022-03-01,196.1699981689453,205.8800048828125,189.6300048828125,196.27999877929688,7779200,16.25,13.89499991280692
2022-03-02,194.5,196.14999389648438,189.50999450683594,192.25999450683594,3414100,6.6399993896484375,13.823571341378349
2022-03-03,178.02999877929688,194.9199981689453,177.14999389648438,194.7100067138672,3734400,17.770004272460938,14.047857012067523
2022-03-04,165.75,178.66000366210938,162.16000366210938,177.61000061035156,5848700,16.5,14.157857622419085
2022-03-07,161.13999938964844,172.97999572753906,160.22999572753906,168.25,4424000,12.75,14.347143990652901
2022-03-08,161.99000549316406,168.35000610351562,156.52999877929688,160.10000610351562,3840800,11.82000732421875,14.610715593610491
2022-03-09,178.97000122070312,181.4499969482422,173.50999450683594,174.25999450683594,4945200,7.94000244140625,14.450001307896205
2022-03-10,172.97000122070312,174.49000549316406,168.10000610351562,173.13999938964844,2670600,6.3899993896484375,13.665000915527344
2022-03-11,160.07000732421875,175.75,160.0,175.35000610351562,3660500,15.75,13.920000348772321
2022-03-14,153.19000244140625,161.6999969482422,150.4199981689453,159.99000549316406,4450000,11.279998779296875,13.826429094587054
2022-03-15,155.97999572753906,156.4199981689453,150.1199951171875,152.89999389648438,4245400,6.3000030517578125,13.450001307896205
2022-03-16,172.52999877929688,173.07000732421875,160.0,160.47000122070312,5974300,13.07000732421875,12.449287414550781
2022-03-17,177.22000122070312,177.5,168.0,170.72999572753906,2975900,9.5,12.292858668736049
2022-03-18,185.94000244140625,186.69000244140625,175.0,175.02999877929688,4835700,11.69000244140625,11.689287458147321
2022-03-21,176.80999755859375,183.58999633789062,171.6999969482422,181.8000030517578,4214000,11.889999389648438,11.37785884312221
2022-03-22,186.0800018310547,188.80999755859375,178.5,180.5,4086100,10.30999755859375,11.640001569475446
2022-03-23,183.11000061035156,189.5500030517578,181.8000030517578,184.72000122070312,2311900,7.75,10.92428697858538
2022-03-24,190.19000244140625,192.0,179.5,185.25999450683594,3536500,12.5,10.638572692871094
2022-03-25,186.7100067138672,195.6999969482422,182.8000030517578,192.0,3598300,12.899993896484375,10.649286542619977
2022-03-28,201.41000366210938,203.27000427246094,193.00999450683594,193.30999755859375,6624000,10.260009765625,10.537858145577568
2022-03-29,204.52999877929688,206.7899932861328,194.0500030517578,198.9499969482422,4811500,12.739990234375,10.880714416503906
2022-03-30,196.6999969482422,206.3300018310547,194.75999450683594,201.2899932861328,3775900,11.57000732421875,11.250714983258929
2022-03-31,189.86000061035156,198.0800018310547,189.55999755859375,197.25,2999200,8.520004272460938,10.734286717006139
2022-04-01,186.9600067138672,191.8699951171875,184.38999938964844,189.86000061035156,2975900,7.4799957275390625,10.462857927594866
2022-04-04,191.64999389648438,193.07000732421875,186.16000366210938,187.33999633789062,2488800,6.910003662109375,10.506429399762835
2022-04-05,177.1699981689453,191.3300018310547,176.25999450683594,189.75999450683594,5012800,15.07000732421875,10.649286542619977
2022-04-06,166.83999633789062,174.3300018310547,165.00999450683594,172.8300018310547,4675300,9.32000732421875,10.636429922921318
2022-04-07,166.19000244140625,169.4199981689453,160.67999267578125,166.7100067138672,3093600,8.740005493164062,10.425715855189733
2022-04-08,160.94000244140625,166.0,160.1300048828125,165.2100067138672,2951000,5.8699951171875,9.995715550013951
2022-04-11,153.8699951171875,157.55999755859375,151.72999572753906,156.57000732421875,4305800,5.8300018310546875,9.675715855189733
2022-04-12,149.85000610351562,162.44000244140625,149.41000366210938,158.07000732421875,4654400,13.029998779296875,10.052858625139509
2022-04-13,154.7899932861328,156.16000366210938,147.8000030517578,149.02999877929688,3740500,8.360000610351562,9.757144383021764
2022-04-14,147.2899932861328,154.0,146.82000732421875,153.5399932861328,4082200,7.17999267578125,9.348572867257255
2022-04-18,145.16000366210938,149.5,140.52999877929688,145.4499969482422,4668700,8.970001220703125,9.256429399762835
2022-04-19,151.27000427246094,152.10000610351562,144.4499969482422,146.02000427246094,2916000,7.6500091552734375,8.892859322684151
2022-04-20,147.1300048828125,154.9600067138672,144.85000610351562,154.92999267578125,3486000,10.110000610351562,8.788573128836495
2022-04-21,137.32000732421875,153.44000244140625,135.30999755859375,151.97000122070312,6252900,18.1300048828125,9.475001743861608
2022-04-22,131.52000427246094,141.1999969482422,131.25,137.2899932861328,5162200,9.949996948242188,9.651430402483259
2022-04-25,135.13999938964844,137.35000610351562,129.2899932861328,130.00999450683594,4066500,8.060012817382812,9.733573913574219
2022-04-26,127.1500015258789,136.77000427246094,126.5199966430664,135.30999755859375,3717600,10.250007629394531,9.389288221086774
2022-04-27,122.55000305175781,130.7100067138672,121.9800033569336,125.27999877929688,4658500,8.730003356933594,9.347145080566406
2022-04-28,122.69000244140625,126.38999938964844,113.31999969482422,123.69000244140625,8070900,13.069999694824219,9.65643038068499
2022-04-29,112.70999908447266,129.08999633789062,112.13999938964844,121.0999984741211,5760900,16.949996948242188,10.44785908290318
2022-05-02,121.33999633789062,122.29000091552734,111.80000305175781,113.06999969482422,6229400,10.489997863769531,10.780715942382812
2022-05-03,123.55999755859375,129.39999389648438,119.97000122070312,120.2300033569336,5053200,9.42999267578125,10.523572649274554
2022-05-04,130.14999389648438,132.80999755859375,116.19999694824219,124.0,6492800,16.610000610351562,11.112858363560267
2022-05-05,114.25,125.63999938964844,112.05000305175781,125.0,7324400,13.589996337890625,11.570715767996651
2022-05-06,103.73999786376953,112.5,100.25,112.5,9026500,12.25,11.805001395089286
2022-05-09,83.51000213623047,96.43000030517578,81.77999877929688,96.0,16845400,14.650001525878906,12.305000850132533
2022-05-10,72.98999786376953,89.37999725341797,70.19000244140625,87.0,31780000,19.18999481201172,12.95357186453683
2022-05-11,53.720001220703125,61.279998779296875,50.150001525878906,54.849998474121094,67080200,11.129997253417969,12.453571319580078
2022-05-12,58.5,60.29999923706055,40.83000183105469,48.540000915527344,58789000,19.46999740600586,13.133571352277484
2022-05-13,67.87000274658203,74.25,65.5,69.26000213623047,38264800,8.75,13.182856151035853
2022-05-16,61.70000076293945,68.08000183105469,60.5099983215332,68.05999755859375,18685900,7.570003509521484,12.991427285330635
2022-05-17,70.0,70.5,63.11000061035156,66.19999694824219,15868000,7.3899993896484375,12.895712716238839
2022-05-18,63.029998779296875,71.80999755859375,61.939998626708984,67.69000244140625,17422700,9.869998931884766,12.667141233171735
2022-05-19,67.41999816894531,70.98999786376953,63.61000061035156,65.0,15410100,7.379997253417969,11.983569826398577
2022-05-20,66.1500015258789,70.73999786376953,62.04999923706055,69.37000274658203,15166300,8.689998626708984,11.854998452322823
2022-05-23,66.0999984741211,68.6500015258789,62.349998474121094,65.54000091552734,12055700,6.3000030517578125,11.631427764892578
2022-05-24,61.36000061035156,64.55999755859375,59.119998931884766,64.55999755859375,10714900,5.439998626708984,10.83357048034668
2022-05-25,67.16999816894531,68.5,60.9900016784668,61.06999969482422,11062000,7.509998321533203,10.39928490774972
2022-05-26,69.87000274658203,71.16999816894531,62.29999923706055,63.970001220703125,12000200,8.869998931884766,10.157856260027204
2022-05-27,75.31999969482422,77.18000030517578,69.83999633789062,69.83999633789062,14112800,7.340003967285156,9.635713577270508
2022-05-31,78.0999984741211,83.31999969482422,75.5999984741211,80.0,22623200,7.720001220703125,8.816428320748466
2022-06-01,68.62999725341797,77.80000305175781,67.80000305175781,77.5,14608500,10.0,8.73571423121861
2022-06-02,73.81999969482422,74.4800033569336,67.27999877929688,67.80000305175781,8607200,7.200004577636719,7.859286172049386
2022-06-03,66.69000244140625,70.5,65.61000061035156,69.38999938964844,10213600,4.8899993896484375,7.58357184273856
2022-06-06,70.66999816894531,74.11000061035156,68.43000030517578,70.76000213623047,9352400,5.680000305175781,7.448571613856724
2022-06-07,69.56999969482422,69.97000122070312,64.36000061035156,67.30999755859375,8485100,5.6100006103515625,7.321428843906948
2022-06-08,69.19999694824219,72.9800033569336,68.30000305175781,69.2300033569336,6276600,4.680000305175781,6.950714656284878
2022-06-09,63.7599983215332,69.37999725341797,63.119998931884766,69.08000183105469,9349300,6.259998321533203,6.870714732578823
2022-06-10,58.709999084472656,61.630001068115234,57.77000045776367,60.0,10982600,3.8600006103515625,6.525714874267578
2022-06-13,52.0099983215332,54.29999923706055,46.0,46.18000030517578,28961400,8.299999237060547,6.668571744646345
2022-06-14,51.58000183105469,53.290000915527344,48.810001373291016,52.5,17430300,4.479999542236328,6.600000381469727
2022-06-15,55.0099983215332,56.65999984741211,50.45000076293945,50.939998626708984,16340100,6.209999084472656,6.507143293108259
2022-06-16,51.04999923706055,54.43000030517578,50.08000183105469,52.58000183105469,13157700,4.349998474121094,6.184286117553711
2022-06-17,51.220001220703125,52.79999923706055,49.279998779296875,50.119998931884766,11771000,3.520000457763672,5.911428724016462
2022-06-21,57.4900016784668,60.75,54.099998474121094,54.20000076293945,16916200,6.650001525878906,5.835000174386161
2022-06-22,51.90999984741211,56.75,51.56999969482422,53.869998931884766,18947700,5.180000305175781,5.490714481898716
2022-06-23,58.880001068115234,59.619998931884766,51.83000183105469,53.599998474121094,15840700,7.789997100830078,5.532856804983957
2022-06-24,62.709999084472656,64.08999633789062,59.33000183105469,60.0,24381400,4.7599945068359375,5.523570741925921
2022-06-27,55.959999084472656,60.45000076293945,55.02000045776367,59.560001373291016,15201600,5.430000305175781,5.505713599068778
2022-06-28,51.18000030517578,57.25,50.33000183105469,56.2599983215332,10253500,6.9199981689453125,5.599284853254046
2022-06-29,49.75,51.459999084472656,48.59000015258789,50.5,9776200,2.8699989318847656,5.469999040876116
2022-06-30,47.02000045776367,48.400001525878906,44.150001525878906,48.20000076293945,12934400,4.25,5.326427732195173
2022-07-01,49.040000915527344,50.15999984741211,47.52000045776367,47.9900016784668,8556500,2.6399993896484375,5.239284787859235
2022-07-05,55.40999984741211,55.81999969482422,45.95000076293945,48.130001068115234,13087900,9.869998931884766,5.351427623203823
2022-07-06,51.709999084472656,56.27000045776367,51.400001525878906,54.16999816894531,11881900,4.869998931884766,5.379284722464425
2022-07-07,57.459999084472656,57.650001525878906,52.13999938964844,52.13999938964844,12318500,5.510002136230469,5.329284940447126
2022-07-08,60.290000915527344,63.70000076293945,54.5099983215332,55.61000061035156,17950500,9.19000244140625,5.674999509538923
2022-07-11,53.880001068115234,58.43000030517578,53.29999923706055,57.540000915527344,10705800,5.130001068115234,5.7899995531354636
2022-07-12,54.2400016784668,56.11000061035156,52.619998931884766,53.70000076293945,8466200,3.490001678466797,5.5642852783203125
2022-07-13,53.099998474121094,54.72999954223633,50.400001525878906,51.68000030517578,9439900,4.329998016357422,5.503570829119001
2022-07-14,53.41999816894531,54.709999084472656,50.34000015258789,52.34000015258789,9682100,4.369998931884766,5.259285245622907
2022-07-15,53.790000915527344,56.54999923706055,51.93000030517578,54.349998474121094,10714300,4.619998931884766,5.249285561697824
2022-07-18,58.66999816894531,63.380001068115234,56.689998626708984,56.709999084472656,21226200,6.69000244140625,5.339285714285714
2022-07-19,65.83000183105469,65.9800033569336,57.779998779296875,60.86000061035156,19210600,8.200004577636719,5.4307147434779575
2022-07-20,75.2699966430664,79.0,67.05000305175781,67.08000183105469,34032000,11.949996948242188,6.07928603036063
2022-07-21,73.9800033569336,76.62000274658203,70.27999877929688,71.0,17301200,6.340003967285156,6.228572028023856
2022-07-22,70.81999969482422,76.56999969482422,69.08999633789062,76.19999694824219,12013300,7.480003356933594,6.574286597115653
2022-07-25,67.06999969482422,69.9800033569336,66.30000305175781,68.93000030517578,8797600,3.6800003051757812,6.132143838065011
2022-07-26,52.93000030517578,62.88999938964844,52.630001068115234,61.689998626708984,26875800,10.259998321533203,6.517143794468471
2022-07-27,58.83000183105469,60.61000061035156,53.119998931884766,54.869998931884766,18230200,7.490001678466797,6.658572333199637
2022-07-28,62.25,62.95000076293945,55.59000015258789,58.2400016784668,13674800,7.3600006103515625,6.527857916695731
2022-07-29,62.959999084472656,64.2300033569336,59.77000045776367,60.13999938964844,9113800,4.460002899169922,6.480000904628208
2022-08-01,62.70000076293945,63.619998931884766,59.41999816894531,61.189998626708984,7361300,4.200000762939453,6.530715124947684
2022-08-02,67.2300033569336,69.58999633789062,60.79999923706055,60.90999984741211,12142100,8.789997100830078,6.849286488124302
2022-08-03,80.80999755859375,82.25,67.61000061035156,69.05000305175781,24784200,14.639999389648438,7.582857949393136
2022-08-04,88.9000015258789,116.30000305175781,86.79000091552734,106.0999984741211,54342800,29.51000213623047,9.360715321132115
2022-08-05,93.05000305175781,98.87000274658203,86.5199966430664,86.58000183105469,24865700,12.350006103515625,9.76500129699707
2022-08-08,98.0199966430664,103.55000305175781,93.80999755859375,97.83999633789062,18878700,9.740005493164062,9.875001362391881
2022-08-09,87.68000030517578,93.88999938964844,85.5999984741211,93.88999938964844,17411400,8.290000915527344,9.61357307434082
2022-08-10,94.13999938964844,95.0,88.0,89.9800033569336,23818200,7.0,9.660715648106166
2022-08-11,84.0,98.69999694824219,82.30999755859375,97.25,23247300,16.389999389648438,10.297143936157227
2022-08-12,90.48999786376953,92.4800033569336,83.29000091552734,85.2300033569336,13755200,9.19000244140625,10.690715517316546
2022-08-15,91.97000122070312,93.68000030517578,88.58999633789062,89.11000061035156,11001900,5.090003967285156,10.321430206298828
2022-08-16,90.38999938964844,95.5,84.23999786376953,90.55000305175781,17034400,11.260002136230469,10.590715953281947
2022-08-17,85.44000244140625,88.63999938964844,84.7699966430664,87.51000213623047,10697900,3.8700027465820312,10.341430391584124
2022-08-18,83.47000122070312,86.36000061035156,81.41999816894531,86.33000183105469,7923300,4.94000244140625,10.375716073172432
2022-08-19,74.05999755859375,78.25,74.01000213623047,76.0,13727900,4.239997863769531,10.37857300894601
2022-08-22,71.47000122070312,74.94000244140625,70.29000091552734,70.91000366210938,9082400,4.650001525878906,10.08285903930664
2022-08-23,71.18000030517578,76.41000366210938,70.5999984741211,71.94999694824219,9598300,5.810005187988281,9.452145167759486
2022-08-24,71.4800033569336,74.31999969482422,70.70999908447266,71.87999725341797,6675500,3.6100006103515625,7.602145058768136
2022-08-25,71.37000274658203,72.44999694824219,68.5199966430664,71.83999633789062,8563500,3.9300003051757812,7.000716073172433
2022-08-26,66.73999786376953,71.80000305175781,65.33999633789062,71.70999908447266,9797300,6.4600067138671875,6.7664304460797995
2022-08-29,66.33999633789062,69.4000015258789,65.45999908447266,65.51000213623047,7944100,3.94000244140625,6.455716269356864
2022-08-30,67.02999877929688,69.44999694824219,64.62999725341797,67.97000122070312,8293500,4.819999694824219,6.300001961844308
2022-08-31,66.80000305175781,70.37999725341797,66.66000366210938,68.69999694824219,6707900,3.7199935913085938,5.395001547677176
2022-09-01,65.52999877929688,65.98999786376953,61.90999984741211,65.55000305175781,8046600,4.079998016357422,5.03000123160226
2022-09-02,65.26000213623047,68.13999938964844,63.81999969482422,67.70999908447266,6392800,4.319999694824219,4.975000926426479
2022-09-06,62.779998779296875,66.87999725341797,62.599998474121094,65.55999755859375,7478100,4.279998779296875,4.476429258074079
2022-09-07,68.25,68.7699966430664,61.83000183105469,62.0,8408400,6.939994812011719,4.695714405604771
2022-09-08,73.08000183105469,73.33000183105469,65.5,66.36000061035156,9241500,7.8300018310546875,4.902142933436802
2022-09-09,80.87000274658203,81.04000091552734,75.1500015258789,78.19999694824219,15357100,5.8899993896484375,5.020000185285296
2022-09-12,82.55000305175781,84.58000183105469,80.5999984741211,82.5999984741211,12554900,3.9800033569335938,4.972143173217773
2022-09-13,75.25,78.08999633789062,74.3499984741211,75.33999633789062,11235300,3.7399978637695312,4.824285507202148
2022-09-14,78.69999694824219,79.19999694824219,74.11000061035156,75.30000305175781,10840700,5.089996337890625,4.929999487740653
2022-09-15,77.2300033569336,82.0,76.62999725341797,77.62999725341797,10950100,5.370002746582031,5.032856804983957
2022-09-16,74.0,76.37000274658203,73.5999984741211,75.1500015258789,17089000,2.7700042724609375,4.769285202026367
2022-09-19,69.93000030517578,72.54000091552734,67.0,71.87999725341797,13135300,5.540000915527344,4.883570807320731
2022-09-20,67.94000244140625,69.80000305175781,66.16999816894531,68.08999633789062,7974500,3.6300048828125,4.798571177891323
2022-09-21,67.63999938964844,72.23999786376953,67.43000030517578,68.9000015258789,12344600,4.80999755859375,4.876428604125977
2022-09-22,62.939998626708984,68.9800033569336,62.310001373291016,67.4000015258789,11156900,6.670001983642578,5.061428887503488
2022-09-23,61.880001068115234,63.150001525878906,59.43000030517578,61.560001373291016,10932900,3.720001220703125,5.018571853637695
2022-09-26,62.279998779296875,66.33000183105469,62.18000030517578,62.97999954223633,9562600,4.150001525878906,5.0092863355364114
2022-09-27,63.04999923706055,67.55000305175781,61.880001068115234,65.29000091552734,11860500,5.670001983642578,4.918572562081473
2022-09-28,67.30999755859375,67.73999786376953,62.7599983215332,62.79999923706055,8482700,4.979999542236328,4.715000970023019
2022-09-29,61.939998626708984,65.02999877929688,60.2599983215332,64.62000274658203,11492100,4.770000457763672,4.635001046316964
2022-09-30,64.48999786376953,67.58999633789062,61.06999969482422,61.25,10210300,6.519996643066406,4.816429138183594
2022-10-03,65.94999694824219,67.86000061035156,61.91999816894531,64.94999694824219,10949200,5.94000244140625,4.973572322300503
2022-10-04,74.5,74.62999725341797,69.08000183105469,69.08999633789062,11881400,5.549995422363281,5.006429399762835
2022-10-05,72.97000122070312,73.4800033569336,69.27999877929688,71.80000305175781,9222700,4.200004577636719,4.922858101981027
2022-10-06,73.91000366210938,76.27999877929688,71.33999633789062,73.06999969482422,11103700,4.94000244140625,5.077857971191406
2022-10-07,67.0,71.0999984741211,65.5,70.8499984741211,11427900,5.599998474121094,5.08214351109096
2022-10-10,67.04000091552734,69.26000213623047,65.43000030517578,67.58000183105469,7714000,3.8300018310546875,5.096429007393973
2022-10-11,70.16000366210938,72.69000244140625,65.02999877929688,67.61000061035156,17705600,7.660003662109375,5.300000871930804
2022-10-12,69.94999694824219,71.8499984741211,67.81999969482422,69.73999786376953,8998900,4.029998779296875,5.111429214477539
2022-10-13,69.26000213623047,69.62999725341797,61.060001373291016,63.65999984741211,18342000,8.569995880126953,5.457857404436384
2022-10-14,63.59000015258789,73.79000091552734,63.380001068115234,71.8499984741211,13711600,10.40999984741211,5.905000141688755
2022-10-17,69.16999816894531,70.94999694824219,66.33999633789062,66.4800033569336,11263300,4.6100006103515625,5.829285757882254
2022-10-18,66.20999908447266,73.9000015258789,65.30000305175781,72.9000015258789,13874700,8.599998474121094,6.087857110159738
2022-10-19,63.189998626708984,66.88999938964844,62.54999923706055,64.81999969482422,8601100,4.340000152587891,6.057142802647182
2022-10-20,63.59000015258789,67.43000030517578,62.70000076293945,63.13999938964844,8938700,4.729999542236328,5.929285866873605
2022-10-21,66.37999725341797,66.62999725341797,61.70000076293945,63.400001525878906,9156400,4.929996490478516,5.857142584664481
2022-10-24,66.38999938964844,68.1500015258789,63.68000030517578,67.4000015258789,8111700,4.470001220703125,5.780000141688755
2022-10-25,75.05000305175781,75.4000015258789,66.95999908447266,67.01000213623047,14446900,8.44000244140625,6.082857131958008
2022-10-26,73.80999755859375,78.29000091552734,73.0999984741211,75.27999877929688,14102500,5.19000244140625,6.100714274815151
2022-10-27,72.47000122070312,75.6500015258789,71.51000213623047,74.51000213623047,5967600,4.1399993896484375,5.9964286259242465
2022-10-28,72.06999969482422,73.72000122070312,69.3499984741211,72.0,7372100,4.370002746582031,6.035000119890485
2022-10-31,66.25,74.6500015258789,66.1500015258789,72.37000274658203,10648400,8.5,6.094999858311245
2022-11-01,63.290000915527344,69.70999908447266,63.130001068115234,69.0,8238200,6.579998016357422,6.277142660958426
2022-11-02,60.709999084472656,66.20999908447266,60.54999923706055,63.400001525878906,12700900,5.659999847412109,6.069285801478794
2022-11-03,55.79999923706055,61.880001068115234,55.75,59.400001525878906,14238800,6.130001068115234,5.763571602957589
2022-11-04,58.81999969482422,63.43000030517578,56.400001525878906,60.400001525878906,18901400,7.029998779296875,5.936428615025112
2022-11-07,56.970001220703125,60.9900016784668,54.220001220703125,60.0,13659100,6.770000457763672,5.805714470999582
2022-11-08,50.83000183105469,58.45000076293945,47.689998626708984,54.5,61868200,10.760002136230469,6.264286041259766
2022-11-09,45.97999954223633,49.689998626708984,44.619998931884766,47.09000015258789,42274200,5.069999694824219,6.288571766444615
2022-11-10,50.91999816894531,53.93000030517578,49.02000045776367,51.040000915527344,30695400,4.909999847412109,6.287143434797015
2022-11-11,57.459999084472656,58.290000915527344,46.25,47.5,30584500,12.040000915527344,6.82785769871303
2022-11-14,53.220001220703125,55.7400016784668,52.599998474121094,55.70000076293945,16150900,3.140003204345703,6.449286324637277
2022-11-15,55.529998779296875,58.0,54.599998474121094,55.0,14805300,3.4000015258789062,6.321429116385324
2022-11-16,48.83000183105469,54.029998779296875,48.0,52.83000183105469,24054700,6.029998779296875,6.456429072788784
2022-11-17,48.790000915527344,49.970001220703125,45.18000030517578,46.66999816894531,17974700,4.790000915527344,6.486428941999163
2022-11-18,45.2599983215332,49.0,44.310001373291016,48.79999923706055,20287300,4.689998626708984,6.21428598676409
2022-11-21,41.22999954223633,44.63999938964844,40.61000061035156,43.599998474121094,22382000,4.029998779296875,6.032143184116909
2022-11-22,43.38999938964844,44.400001525878906,41.61000061035156,42.349998474121094,20783100,2.7900009155273438,5.827143260410854
2022-11-23,45.56999969482422,46.16999816894531,42.209999084472656,43.849998474121094,14665800,3.9599990844726562,5.672143118722098
2022-11-25,44.279998779296875,45.2400016784668,43.70000076293945,44.7599983215332,6451500,1.5400009155273438,5.280000414167132
2022-11-28,42.5099983215332,44.900001525878906,42.02000045776367,43.29999923706055,10497900,2.8800010681152344,5.002143314906529
2022-11-29,43.11000061035156,44.650001525878906,42.70000076293945,42.90999984741211,9090600,1.9500007629394531,4.372857502528599
2022-11-30,45.72999954223633,45.880001068115234,41.5099983215332,43.709999084472656,15562700,4.370002746582031,4.3228577205113
2022-12-01,45.27000045776367,47.189998626708984,44.439998626708984,45.81999969482422,11579400,2.75,4.168572017124721
2022-12-02,47.66999816894531,47.70000076293945,43.72999954223633,43.970001220703125,10372100,3.970001220703125,3.5921434674944197
2022-12-05,46.0,49.849998474121094,45.630001068115234,47.97999954223633,11228300,4.219997406005859,3.669285910470145
2022-12-06,42.40999984741211,46.650001525878906,41.72999954223633,45.599998474121094,12156100,4.920001983642578,3.7778573717389787
2022-12-07,41.2599983215332,43.20000076293945,40.54999923706055,41.880001068115234,10824500,2.6500015258789062,3.536428996494838
2022-12-08,42.810001373291016,43.900001525878906,40.29999923706055,41.560001373291016,9361800,3.6000022888183594,3.4514290945870534
2022-12-09,40.2400016784668,42.31999969482422,40.150001525878906,41.599998474121094,10030200,2.1699981689453125,3.2714290618896484
2022-12-12,42.599998474121094,42.650001525878906,39.650001525878906,39.97999954223633,9962600,3.0,3.1978577205113004
2022-12-13,38.689998626708984,46.33000183105469,38.5,46.0099983215332,20558300,7.8300018310546875,3.5578577859061107
2022-12-14,40.189998626708984,41.900001525878906,38.81999969482422,39.40999984741211,16117600,3.0800018310546875,3.4950008392333984
2022-12-15,37.97999954223633,39.599998474121094,37.439998626708984,38.95000076293945,12013400,2.1599998474121094,3.5392864772251675
2022-12-16,36.599998474121094,38.0099983215332,34.709999084472656,37.400001525878906,18247400,3.299999237060547,3.569286346435547
2022-12-19,35.16999816894531,36.68000030517578,34.5099983215332,35.970001220703125,11168300,2.170001983642578,3.5850007193429128
2022-12-20,34.970001220703125,36.86000061035156,34.349998474121094,34.75,9833200,2.5100021362304688,3.45214353288923
2022-12-21,35.150001525878906,36.099998474121094,34.79999923706055,35.310001373291016,6998600,1.2999992370605469,3.3485720498221263
2022-12-22,34.59000015258789,35.349998474121094,32.95000076293945,34.93000030517578,10335700,2.3999977111816406,3.2364289419991628
2022-12-23,35.4900016784668,35.97999954223633,33.66999816894531,34.77000045776367,8222700,2.3100013732910156,3.100000653948103
2022-12-27,32.650001525878906,34.560001373291016,32.439998626708984,34.5,10940800,2.1200027465820312,2.9000007084437778
2022-12-28,32.529998779296875,33.47999954223633,31.829999923706055,32.58000183105469,7839700,1.6499996185302734,2.8285720007760182
2022-12-29,34.779998779296875,35.33000183105469,33.369998931884766,33.459999084472656,7675500,1.9600028991699219,2.7114291872297014
2022-12-30,35.38999938964844,35.869998931884766,33.630001068115234,33.959999084472656,8397900,2.2399978637695312,2.7164291654314314
2023-01-03,33.599998474121094,36.93000030517578,33.369998931884766,36.4900016784668,8514300,3.5600013732910156,2.7564292635236467
2023-01-04,37.70000076293945,38.5,34.540000915527344,34.59000015258789,17737400,3.9599990844726562,2.4800004959106445
2023-01-05,33.529998779296875,35.2599983215332,32.75,34.709999084472656,16934500,2.509998321533203,2.4392859595162526
2023-01-06,33.2599983215332,33.75,31.549999237060547,33.66999816894531,15527800,2.200000762939453,2.4421431677682057
2023-01-09,38.27000045776367,39.380001068115234,34.720001220703125,35.189998626708984,18904100,4.659999847412109,2.5392860685076033
2023-01-10,43.22999954223633,43.290000915527344,37.7400016784668,37.7599983215332,24496700,5.549999237060547,2.780714443751744
2023-01-11,43.790000915527344,43.84000015258789,40.630001068115234,41.959999084472656,16152700,3.2099990844726562,2.830714225769043
2023-01-12,47.54999923706055,47.650001525878906,41.66999816894531,45.150001525878906,20514700,5.980003356933594,3.1650002343314037
2023-01-13,49.97999954223633,50.630001068115234,45.380001068115234,46.2400016784668,22437800,5.25,3.3685718263898576
2023-01-17,54.13999938964844,54.97999954223633,50.70000076293945,53.310001373291016,23521200,4.279998779296875,3.5092859268188477
2023-01-18,50.209999084472656,57.33000183105469,50.0,54.220001220703125,24905700,7.3300018310546875,3.8814287185668945
2023-01-19,49.41999816894531,51.0,47.91999816894531,49.209999084472656,14073300,3.0800018310546875,3.9835717337472096
2023-01-20,55.15999984741211,55.189998626708984,48.79999923706055,50.380001068115234,15433900,6.3899993896484375,4.300000054495675
2023-01-23,55.959999084472656,56.689998626708984,53.209999084472656,55.0,17736400,3.479999542236328,4.388571602957589
2023-01-24,53.560001373291016,56.470001220703125,53.34000015258789,54.20000076293945,12413900,3.1300010681152344,4.357857295445034
2023-01-25,52.7599983215332,53.40999984741211,49.599998474121094,51.5,13343600,3.8100013732910156,4.347143173217773
2023-01-26,53.02000045776367,56.099998474121094,51.970001220703125,56.060001373291016,12614900,4.129997253417969,4.462857382638114
2023-01-27,61.369998931884766,62.290000915527344,52.40999984741211,52.939998626708984,24431000,9.880001068115234,5.0114288330078125
2023-01-30,56.15999984741211,61.86000061035156,55.66999816894531,60.0099983215332,14553900,6.19000244140625,5.120714732578823
2023-01-31,58.47999954223633,60.439998626708984,55.90999984741211,57.70000076293945,14751600,4.529998779296875,5.047857557024274
2023-02-01,65.69999694824219,66.22000122070312,56.650001525878906,59.08000183105469,18840800,9.569999694824219,5.502143314906529
2023-02-02,81.45999908447266,85.54000091552734,68.30999755859375,68.45999908447266,43911200,17.230003356933594,6.3057147434779575
2023-02-03,74.62999725341797,87.62999725341797,73.0199966430664,73.72000122070312,37125500,14.610000610351562,6.974286215645926
2023-02-06,74.58999633789062,75.9800033569336,70.5199966430664,73.18000030517578,17998400,5.4600067138671875,7.058572496686663
2023-02-07,71.41999816894531,73.4800033569336,67.30000305175781,73.43000030517578,19819700,6.180000305175781,6.976429530552456
2023-02-08,69.44000244140625,73.97000122070312,68.30000305175781,70.83000183105469,11626500,5.6699981689453125,7.161429268973214
2023-02-09,59.630001068115234,68.93000030517578,59.0,68.48999786376953,23920200,9.930000305175781,7.4142864772251675
2023-02-10,57.09000015258789,61.7400016784668,55.970001220703125,58.2599983215332,17359900,5.770000457763672,7.577857971191406
2023-02-13,56.400001525878906,57.09000015258789,53.65999984741211,55.52000045776367,14435900,3.4300003051757812,7.599286488124302
2023-02-14,59.029998779296875,61.08000183105469,55.029998779296875,56.33000183105469,23945800,6.0500030517578125,7.759286608014788
2023-02-15,69.33999633789062,69.45999908447266,59.459999084472656,60.209999084472656,25552900,10.0,8.178572518484932
2023-02-16,65.58999633789062,73.30000305175781,63.90999984741211,65.9000015258789,31704800,9.390003204345703,8.143572671072823
2023-02-17,65.19999694824219,67.9000015258789,61.5099983215332,64.94000244140625,23252200,6.390003204345703,8.157858439854213
2023-02-21,62.06999969482422,66.87000274658203,61.849998474121094,63.31999969482422,19845700,5.0200042724609375,8.192858832223076
2023-02-22,61.18000030517578,67.4800033569336,57.349998474121094,62.5,32937500,10.1300048828125,8.232859202793666
2023-02-23,62.36000061035156,64.6500015258789,59.88999938964844,63.959999084472656,16698500,4.760002136230469,7.3421448298863
2023-02-24,58.439998626708984,61.59000015258789,56.79999923706055,60.880001068115234,14546200,4.790000915527344,6.640716280255999
2023-02-27,58.959999084472656,60.970001220703125,58.16999816894531,59.939998626708984,13043000,2.8000030517578125,6.450716018676758
2023-02-28,64.83000183105469,67.5,59.41999816894531,59.68000030517578,24843900,8.080001831054688,6.586430413382394
2023-03-01,64.66999816894531,66.79000091552734,63.09000015258789,65.30000305175781,15827100,3.700000762939453,6.445716312953404
2023-03-02,63.70000076293945,63.900001525878906,57.5,61.06999969482422,18091700,6.400001525878906,6.193573543003628
2023-03-03,64.51000213623047,65.55999755859375,61.380001068115234,61.63999938964844,17579000,4.179996490478516,6.0800018310546875
2023-03-06,62.77000045776367,69.81999969482422,62.63999938964844,64.5999984741211,19826100,7.180000305175781,6.347858973911831
2023-03-07,61.88999938964844,64.66000366210938,60.59000015258789,62.79999923706055,15821500,4.070003509521484,6.206430435180664
2023-03-08,63.0099983215332,65.45999908447266,60.349998474121094,61.20000076293945,15427800,5.1100006103515625,5.85714476449149
2023-03-09,58.09000015258789,64.12000274658203,57.209999084472656,62.38999938964844,20996600,6.910003662109375,5.680001940046038
2023-03-10,53.439998626708984,56.40999984741211,51.56999969482422,56.38999938964844,25743800,4.840000152587891,5.569287436349051
2023-03-13,59.16999816894531,61.099998474121094,50.77000045776367,54.709999084472656,31431900,10.329998016357422,5.948572703770229
2023-03-14,62.650001525878906,66.20999908447266,61.099998474121094,65.44999694824219,25167800,5.1100006103515625,5.590000970023019
2023-03-15,64.47000122070312,66.29000091552734,61.18000030517578,61.900001525878906,20825700,5.1100006103515625,5.615000861031668
2023-03-16,67.77999877929688,68.62000274658203,63.119998931884766,64.4000015258789,15474500,5.500003814697266,5.66571535382952
2023-03-17,74.9800033569336,76.80000305175781,69.0999984741211,70.5199966430664,31006200,7.700004577636719,6.015715462820871
2023-03-20,75.13999938964844,77.05999755859375,72.87000274658203,76.76000213623047,19026400,4.189994812011719,5.737857818603516
2023-03-21,83.98999786376953,85.05000305175781,75.7699966430664,76.23999786376953,22991900,9.280006408691406,6.136429650442941
2023-03-22,77.13999938964844,85.37999725341797,76.86000061035156,84.25,24463200,8.519996643066406,6.287857873099191
2023-03-23,66.30000305175781,70.0,61.5099983215332,61.849998474121094,43152800,8.490001678466797,6.595715386526925
2023-03-24,67.83000183105469,68.7300033569336,63.529998779296875,64.18000030517578,21614100,5.200004577636719,6.454287120274135
2023-03-27,62.540000915527344,67.5999984741211,60.5099983215332,67.19999694824219,23531300,7.090000152587891,6.67000116620745
2023-03-28,63.040000915527344,64.05000305175781,61.11000061035156,62.31999969482422,11635900,2.94000244140625,6.51500129699707
2023-03-29,65.30000305175781,68.62999725341797,63.77000045776367,65.41999816894531,17673800,4.859996795654297,6.368572235107422
2023-03-30,64.16000366210938,67.16999816894531,63.68000030517578,66.52999877929688,11563100,3.4899978637695312,6.272143500191825
2023-03-31,67.56999969482422,68.56999969482422,63.93000030517578,64.69999694824219,15926600,4.6399993896484375,5.865715026855469
2023-04-03,63.61000061035156,68.33000183105469,62.70000076293945,66.01000213623047,14040300,5.630001068115234,5.902857916695731
2023-04-04,62.540000915527344,65.4000015258789,60.95000076293945,64.66000366210938,11654400,4.450000762939453,5.855715070452009
2023-04-05,60.779998779296875,63.04999923706055,59.220001220703125,62.540000915527344,10788900,3.829998016357422,5.736428941999163
2023-04-06,61.439998626708984,62.7400016784668,58.20000076293945,59.56999969482422,11875200,4.540000915527344,5.510714394705636
2023-04-10,66.12999725341797,66.19000244140625,59.65999984741211,61.369998931884766,14391800,6.530002593994141,5.67785780770438
2023-04-11,70.19000244140625,72.61000061035156,67.23999786376953,68.08999633789062,25348800,5.370002746582031,5.398571831839425
2023-04-12,67.83999633789062,72.0199966430664,66.2300033569336,70.7699966430664,16773400,5.7899932861328125,5.203571592058454
2023-04-13,68.94999694824219,72.52999877929688,68.05000305175781,69.88999938964844,19718500,4.4799957275390625,4.917142595563616
2023-04-14,69.91000366210938,71.69999694824219,67.87000274658203,69.30000305175781,12887200,3.8299942016601562,4.81928471156529
2023-04-17,67.72000122070312,68.05000305175781,64.9000015258789,67.12000274658203,13344200,3.1500015258789062,4.537856238228934
2023-04-18,67.26000213623047,71.79000091552734,66.55000305175781,70.38999938964844,14835500,5.239997863769531,4.702141625540597
2023-04-19,64.44000244140625,65.94000244140625,63.400001525878906,64.36000061035156,10327000,2.5400009155273438,4.5364276341029575
2023-04-20,60.5,65.33000183105469,60.16999816894531,63.22999954223633,11452900,5.160003662109375,4.655713762555804
2023-04-21,59.040000915527344,61.45000076293945,58.709999084472656,61.08000183105469,13235100,2.740001678466797,4.519999640328543
2023-04-24,54.75,59.09000015258789,54.08000183105469,58.959999084472656,21135700,5.009998321533203,4.475713729858398
2023-04-25,55.54999923706055,56.09000015258789,53.619998931884766,55.709999084472656,14383300,2.470001220703125,4.334285191127232
2023-04-26,53.88999938964844,59.5099983215332,53.599998474121094,59.5099983215332,16761200,5.909999847412109,4.482856750488281
2023-04-27,54.16999816894531,55.720001220703125,53.58000183105469,54.66999816894531,12010900,2.1399993896484375,4.311428070068359
2023-04-28,53.790000915527344,54.52000045776367,52.16999816894531,53.650001525878906,11629800,2.3500022888183594,4.012856619698661
2023-05-01,50.13999938964844,54.380001068115234,48.45000076293945,53.16999816894531,18437900,5.930000305175781,4.0528564453125
2023-05-02,51.31999969482422,52.13999938964844,48.2599983215332,50.20000076293945,16778400,3.8800010681152344,3.916428429739816
2023-05-03,48.4900016784668,51.599998474121094,48.310001373291016,50.150001525878906,13325600,3.289997100830078,3.8314285278320312
2023-05-04,49.220001220703125,50.470001220703125,47.650001525878906,48.720001220703125,13044400,2.8199996948242188,3.7592860630580356
2023-05-05,58.2400016784668,58.58000183105469,53.75,54.04999923706055,25585600,4.8300018310546875,3.879286084856306
2023-05-08,58.099998474121094,58.79999923706055,54.61000061035156,55.900001525878906,15259400,4.189998626708984,3.804286139351981
2023-05-09,60.209999084472656,60.2400016784668,56.59000015258789,57.900001525878906,9641200,3.6500015258789062,3.8835718972342357
2023-05-10,62.63999938964844,63.75,59.88999938964844,61.45000076293945,15481300,3.8600006103515625,3.790714536394392
2023-05-11,60.349998474121094,63.11000061035156,59.77000045776367,62.40999984741211,8843500,3.3400001525878906,3.833571570260184
2023-05-12,57.34000015258789,61.130001068115234,56.77000045776367,60.88999938964844,9111000,4.3600006103515625,3.7871431623186385
2023-05-15,60.77000045776367,61.29999923706055,57.20000076293945,58.400001525878906,9429300,4.099998474121094,3.903571537562779
2023-05-16,57.880001068115234,60.11000061035156,57.13999938964844,58.68000030517578,7867900,2.970001220703125,3.6935716356549944
2023-05-17,61.040000915527344,61.310001373291016,57.29999923706055,57.4900016784668,8998400,4.010002136230469,3.8271432604108537
2023-05-18,60.2599983215332,61.70000076293945,58.599998474121094,60.470001220703125,8330300,3.1000022888183594,3.8807146889822826
2023-05-19,56.779998779296875,61.470001220703125,56.59000015258789,60.56999969482422,12520700,4.880001068115234,3.8057147434779575
2023-05-22,61.06999969482422,61.099998474121094,55.900001525878906,56.88999938964844,12683400,5.1999969482421875,3.9000001634870256
2023-05-23,59.099998474121094,63.25,58.66999816894531,61.0,12208200,4.5800018310546875,3.992143358503069
2023-05-24,58.36000061035156,58.970001220703125,56.599998474121094,57.779998779296875,8198300,2.3700027465820312,3.9600007193429128
2023-05-25,56.869998931884766,59.13999938964844,55.880001068115234,58.560001373291016,7997400,3.259998321533203,3.8478576115199496
2023-05-26,56.91999816894531,58.90999984741211,56.630001068115234,56.86000061035156,7788100,2.279998779296875,3.7114290509905135
2023-05-30,61.16999816894531,63.380001068115234,59.22999954223633,60.099998474121094,14814200,4.150001525878906,3.747143336704799
2023-05-31,62.20000076293945,62.59000015258789,59.209999084472656,59.29999923706055,10112600,3.3800010681152344,3.71285765511649
2023-06-01,63.56999969482422,66.36000061035156,60.66999816894531,61.79999923706055,11729000,5.69000244140625,3.8807149614606584
2023-06-02,64.55000305175781,65.22000122070312,62.0,65.11000061035156,8630800,3.220001220703125,3.799286433628627
2023-06-05,58.709999084472656,64.44000244140625,55.810001373291016,63.380001068115234,26413200,8.630001068115234,4.122858047485352
2023-06-06,51.61000061035156,52.380001068115234,46.43000030517578,47.099998474121094,56259900,5.950000762939453,4.335715157645089
2023-06-07,53.2599983215332,54.0,51.70000076293945,53.290000915527344,18905500,2.299999237060547,4.213572093418667
2023-06-08,54.900001525878906,55.04999923706055,51.959999084472656,52.209999084472656,12773600,3.0900001525878906,4.21285765511649
2023-06-09,53.279998779296875,57.41999816894531,52.47999954223633,55.0,14394300,4.939998626708984,4.217143195016043
2023-06-12,50.560001373291016,52.93000030517578,50.099998474121094,52.529998779296875,12447200,2.8300018310546875,4.047857829502651
2023-06-13,52.400001525878906,52.65999984741211,50.52000045776367,51.79999923706055,11560800,2.1399993896484375,3.8735719408307756
2023-06-14,53.900001525878906,54.790000915527344,51.560001373291016,52.810001373291016,11241200,3.229999542236328,3.9350002833775113
2023-06-15,54.25,54.58000183105469,50.93000030517578,52.709999084472656,11801700,3.6500015258789062,3.96285765511649
2023-06-16,55.59000015258789,56.279998779296875,53.900001525878906,55.40999984741211,13754200,2.3799972534179688,3.9700004032679965
2023-06-20,57.09000015258789,57.939998626708984,53.630001068115234,55.900001525878906,14143500,4.30999755859375,3.981428691319057
2023-06-21,58.099998474121094,59.2400016784668,56.81999969482422,58.900001525878906,20569700,2.420001983642578,3.912857328142439
2023-06-22,57.4900016784668,59.279998779296875,55.099998474121094,58.97999954223633,12837400,4.180000305175781,3.805000032697405
2023-06-23,61.470001220703125,61.88999938964844,55.75,56.849998474121094,26088600,6.1399993896484375,4.0135713304792136
2023-06-26,61.939998626708984,66.16000366210938,61.0,61.099998474121094,20724100,5.160003662109375,3.765714372907366
2023-06-27,69.88999938964844,70.37000274658203,62.84000015258789,63.79999923706055,25447400,7.530002593994141,3.8785716465541293
2023-06-28,70.75,74.30999755859375,69.0,69.0,23086200,5.30999755859375,4.093571526663644
2023-06-29,72.43000030517578,74.18000030517578,70.83000183105469,72.02999877929688,14730500,3.3499984741210938,4.112142835344587
2023-06-30,71.55000305175781,74.97000122070312,68.1500015258789,73.80000305175781,24594000,6.819999694824219,4.2464286259242465
2023-07-03,79.93000030517578,80.8499984741211,73.01000213623047,73.19999694824219,19891700,7.839996337890625,4.604285376412528
2023-07-05,78.3499984741211,79.93000030517578,76.16000366210938,76.9000015258789,14670000,3.7699966430664062,4.720713751656668
2023-07-06,78.0999984741211,78.45999908447266,74.5199966430664,78.05000305175781,11110400,3.94000244140625,4.77142824445452
2023-07-07,78.72000122070312,81.19000244140625,77.62000274658203,78.1500015258789,13275500,3.5699996948242188,4.765713827950614
2023-07-10,81.20999908447266,81.37000274658203,76.55000305175781,79.08000183105469,10739700,4.819999694824219,4.939999716622489
2023-07-11,89.1500015258789,92.1500015258789,80.48999786376953,80.48999786376953,35672100,11.660003662109375,5.465000152587891
2023-07-12,85.94999694824219,89.06999969482422,84.44999694824219,89.0,16752300,4.620002746582031,5.622143064226423
2023-07-13,107.0,109.20999908447266,83.41999816894531,85.3499984741211,65424400,25.790000915527344,7.1657145363943915
2023-07-14,105.30999755859375,114.43000030517578,101.22000122070312,106.68000030517578,42266300,13.209999084472656,7.6707145145961215
2023-07-17,105.55000305175781,109.4800033569336,103.5,104.56999969482422,19191400,5.980003356933594,7.72928592136928
2023-07-18,104.58999633789062,109.8499984741211,101.9000015258789,104.5,17567200,7.9499969482421875,7.759285518101284
2023-07-19,110.1500015258789,111.05999755859375,105.08000183105469,107.30999755859375,15920800,5.9799957275390625,7.8071425301688055
2023-07-20,101.26000213623047,111.87999725341797,100.37000274658203,109.26000213623047,15274600,11.509994506835938,8.389999389648438
2023-07-21,100.81999969482422,104.33000183105469,98.70999908447266,102.56999969482422,10481800,5.620002746582031,8.304285321916852
2023-07-24,98.8499984741211,100.38999938964844,95.69999694824219,99.2300033569336,9755700,4.69000244140625,8.079285757882255
2023-07-25,97.68000030517578,102.58999633789062,97.62999725341797,99.33999633789062,7726000,4.959999084472656,8.164285932268415
2023-07-26,99.75,101.31999969482422,97.27999877929688,97.37000274658203,6575800,4.040000915527344,8.171428680419922
2023-07-27,92.69000244140625,102.7300033569336,91.80000305175781,102.58999633789062,12232300,10.930000305175781,8.697143009730748
2023-07-28,94.76000213623047,96.91999816894531,93.55000305175781,94.80000305175781,7228000,3.3699951171875,8.593571254185267
2023-07-31,98.61000061035156,100.19999694824219,94.58999633789062,94.75,8493000,5.6100006103515625,8.16142817905971
2023-08-01,94.1500015258789,95.94999694824219,89.2300033569336,95.87999725341797,11543600,6.719993591308594,8.311427525111608
2023-08-02,90.43000030517578,95.41000366210938,88.05000305175781,91.44999694824219,10666200,7.3600006103515625,6.994998931884766
2023-08-03,90.75,93.44000244140625,88.45999908447266,89.0,10297200,4.980003356933594,6.407142094203404
2023-08-04,87.30999755859375,94.29000091552734,86.69999694824219,89.0,13219600,7.590003967285156,6.5221421377999445
2023-08-07,85.95999908447266,87.30000305175781,82.08999633789062,87.19999694824219,10019500,5.2100067138671875,6.326428549630301
2023-08-08,88.04000091552734,88.98999786376953,84.55000305175781,87.08999633789062,8986900,4.439994812011719,6.216428484235491
2023-08-09,84.33999633789062,88.9000015258789,84.08000183105469,88.52999877929688,7987100,4.819999694824219,5.73857171194894
2023-08-10,83.38999938964844,88.48999786376953,82.51000213623047,85.0,7697600,5.9799957275390625,5.764285496303013
2023-08-11,81.01000213623047,83.4800033569336,80.47000122070312,82.05999755859375,5791100,3.0100021362304688,5.644285474504743
2023-08-14,80.80999755859375,81.98999786376953,78.91000366210938,80.04000091552734,5753500,3.0799942016601562,5.5099994114467075
2023-08-15,79.18000030517578,83.0999984741211,79.11000061035156,81.1500015258789,7397300,3.9899978637695312,5.506427764892578
2023-08-16,79.0,82.8499984741211,77.80000305175781,82.51000213623047,10140200,5.049995422363281,5.086427416120257
2023-08-17,75.55999755859375,79.18000030517578,75.4000015258789,78.37999725341797,9261600,3.779998779296875,5.115713391985212
2023-08-18,73.19000244140625,75.25,72.25,72.33999633789062,10011800,3.0,4.929284776960101
2023-08-21,75.27999877929688,76.02999877929688,72.0999984741211,73.25,7514900,3.9300003051757812,4.729999542236328
2023-08-22,74.9000015258789,77.45999908447266,74.0199966430664,76.69000244140625,6322000,3.44000244140625,4.449999673025949
2023-08-23,77.77999877929688,78.16999816894531,74.06999969482422,74.3499984741211,6460900,4.099998474121094,4.387142181396484
2023-08-24,73.66000366210938,78.04000091552734,73.37999725341797,77.76000213623047,5585700,4.660003662109375,4.1778564453125
2023-08-25,74.26000213623047,75.58999633789062,72.41000366210938,74.31999969482422,5136800,3.17999267578125,4.0328554425920755
2023-08-28,73.70999908447266,74.70999908447266,73.05000305175781,74.56999969482422,4043800,1.6599960327148438,3.834284101213728
2023-08-29,84.69999694824219,86.26000213623047,73.16999816894531,73.5,24067300,13.090003967285156,4.424998692103794
2023-08-30,83.83000183105469,86.5,82.56999969482422,83.55999755859375,9448000,3.9300003051757812,4.278570447649274
2023-08-31,79.5999984741211,84.56999969482422,78.9000015258789,84.43000030517578,8466400,5.6699981689453125,4.468570164271763
2023-09-01,77.98999786376953,80.3499984741211,77.1500015258789,80.0,6676500,3.1999969482421875,4.477141789027622
2023-09-05,77.5,79.29000091552734,76.27999877929688,78.0,4949000,3.0100021362304688,4.407142094203404
2023-09-06,78.04000091552734,79.97000122070312,76.75,77.37999725341797,6636200,3.220001220703125,4.27642822265625
2023-09-07,81.79000091552734,82.06999969482422,75.45999908447266,76.2699966430664,6424000,6.6100006103515625,4.478571210588727
2023-09-08,82.08999633789062,82.69000244140625,80.3499984741211,81.63999938964844,5680600,2.3400039672851562,4.431428636823382
2023-09-11,80.62000274658203,83.19999694824219,77.79000091552734,82.0,7220700,5.409996032714844,4.537142617361886
2023-09-12,81.31999969482422,86.36000061035156,80.54000091552734,82.0199966430664,10519300,5.819999694824219,4.707142421177456
2023-09-13,79.86000061035156,83.1500015258789,79.62000274658203,81.88999938964844,5925700,3.529998779296875,4.66642815726144
2023-09-14,83.44999694824219,84.0999984741211,81.26000213623047,81.66999816894531,7145100,2.839996337890625,4.5364276341029575
2023-09-15,82.1500015258789,83.31999969482422,79.94999694824219,82.73999786376953,6272300,3.3700027465820312,4.5499997820172995
2023-09-18,81.61000061035156,84.3499984741211,81.22000122070312,83.80000305175781,6246700,3.1299972534179688,4.654999869210379
2023-09-19,78.12999725341797,82.4000015258789,77.7699966430664,82.1500015258789,7567400,4.6300048828125,4.050714220319476
2023-09-20,76.66999816894531,80.58999633789062,76.55999755859375,78.62000274658203,5459200,4.029998779296875,4.057856968470982
2023-09-21,74.41999816894531,75.19000244140625,72.86000061035156,74.37999725341797,6534800,2.3300018310546875,3.8192858014787947
2023-09-22,70.95999908447266,75.94999694824219,70.80999755859375,75.48999786376953,6321600,5.1399993896484375,3.957857404436384
2023-09-25,71.75,72.36000061035156,69.62999725341797,69.91000366210938,5057500,2.7300033569335938,3.9378574916294644
2023-09-26,70.5199966430664,73.08999633789062,69.70999908447266,71.73999786376953,5168200,3.3799972534179688,3.9492857796805247
2023-09-27,71.5199966430664,73.4800033569336,69.94999694824219,72.72000122070312,5324600,3.5300064086914062,3.7292861938476562
2023-09-28,75.16000366210938,77.12999725341797,71.51000213623047,72.58999633789062,8252400,5.6199951171875,3.9635712759835378
2023-09-29,75.08000183105469,77.5,74.56999969482422,76.75,5747200,2.9300003051757812,3.7864287240164622
2023-10-02,75.30999755859375,79.94999694824219,74.4000015258789,78.55000305175781,9709300,5.549995422363281,3.7671427045549666
2023-10-03,72.4800033569336,75.6500015258789,71.75,74.33999633789062,5815500,3.9000015258789062,3.7935714721679688
2023-10-04,73.47000122070312,74.11000061035156,70.41000366210938,73.19999694824219,7613700,3.6999969482421875,3.8550000871930803
2023-10-05,74.62000274658203,75.4800033569336,72.0999984741211,73.52999877929688,6229300,3.3800048828125,3.8557145254952565
2023-10-06,78.45999908447266,78.94999694824219,72.31999969482422,72.47000122070312,7931300,6.629997253417969,4.105714525495257
2023-10-09,79.0999984741211,80.05999755859375,76.5,76.54000091552734,5631300,3.55999755859375,4.029285430908203
2023-10-10,79.62000274658203,82.06999969482422,77.97000122070312,79.0,5645100,4.099998474121094,4.034285409109933
2023-10-11,77.3499984741211,80.48999786376953,75.5999984741211,79.2699966430664,6474100,4.8899993896484375,4.217142377580915
2023-10-12,75.19000244140625,77.18000030517578,74.44999694824219,77.04000091552734,5338600,2.7300033569335938,4.0449998038155695
2023-10-13,73.43000030517578,75.19000244140625,72.0999984741211,75.0,6148400,3.0900039672851562,4.070714133126395
2023-10-16,75.20999908447266,79.30000305175781,73.36000061035156,77.61000061035156,12608600,5.94000244140625,4.253571646554129
2023-10-17,77.45999908447266,79.12000274658203,74.5,74.80000305175781,7459500,4.620002746582031,4.331428527832031
2023-10-18,73.93000030517578,78.37999725341797,73.77999877929688,76.87999725341797,5123400,4.599998474121094,4.258571624755859
2023-10-19,73.0999984741211,76.16999816894531,72.72000122070312,74.27999877929688,5391200,3.4499969482421875,4.295714242117746
2023-10-20,74.66000366210938,76.76000213623047,73.5,74.63999938964844,8423300,3.2600021362304688,4.132143293108259
2023-10-23,77.20999908447266,80.7300033569336,72.41999816894531,75.5,13635700,8.310005187988281,4.4471435546875
2023-10-24,82.06999969482422,89.4000015258789,80.88999938964844,83.29000091552734,23689500,8.510002136230469,4.79071535382952
2023-10-25,77.79000091552734,84.08999633789062,77.4000015258789,83.51000213623047,13773200,6.689994812011719,5.027143205915179
2023-10-26,74.61000061035156,79.16000366210938,73.1500015258789,77.19999694824219,8294500,6.010002136230469,4.982857840401786
2023-10-27,70.77999877929688,76.5,70.41999816894531,76.44999694824219,9010600,6.0800018310546875,5.162858145577567
2023-10-30,73.5999984741211,74.08000183105469,71.87999725341797,72.05000305175781,6454600,2.2000045776367188,5.027144295828683
2023-10-31,77.12000274658203,77.47000122070312,73.55999755859375,73.5999984741211,6334600,3.910003662109375,4.957144601004464
2023-11-01,77.80999755859375,79.41000366210938,75.87000274658203,77.41999816894531,6878600,3.5400009155273438,5.015001569475446
2023-11-02,84.5999984741211,84.80000305175781,80.80999755859375,81.70999908447266,12596200,3.9900054931640625,5.079287392752511
2023-11-03,85.80000305175781,88.33999633789062,82.05000305175781,83.79000091552734,12193500,6.2899932861328125,5.104286738804409
2023-11-06,86.37000274658203,89.2699966430664,84.08999633789062,86.81999969482422,9881900,5.180000305175781,5.144286564418247
2023-11-07,89.06999969482422,89.48999786376953,84.30000305175781,86.19999694824219,6762300,5.189994812011719,5.186429159981864
2023-11-08,88.31999969482422,89.1500015258789,84.69000244140625,88.80000305175781,7286000,4.459999084472656,5.258572169712612
2023-11-09,92.86000061035156,99.81999969482422,91.37000274658203,92.9000015258789,20941400,8.449996948242188,5.6292860848563055
2023-11-10,92.91999816894531,96.22000122070312,91.80000305175781,94.4000015258789,9827900,4.4199981689453125,5.3514284406389505
2023-11-13,92.63999938964844,93.2699966430664,88.62000274658203,91.77999877929688,8860400,4.649993896484375,5.075713566371372
2023-11-14,92.08999633789062,95.31999969482422,89.79000091552734,94.91000366210938,10137700,5.529998779296875,4.992856706891741
2023-11-15,98.1500015258789,100.1500015258789,93.06999969482422,93.91999816894531,11968900,7.0800018310546875,5.0692852565220425
2023-11-16,96.91999816894531,97.88999938964844,94.44999694824219,97.68000030517578,7073800,3.44000244140625,4.880713871547154
2023-11-17,99.05000305175781,99.43000030517578,94.9000015258789,97.0,7361800,4.529998779296875,5.047142028808594
2023-11-20,106.0999984741211,106.45999908447266,100.01000213623047,100.70999908447266,10962900,6.4499969482421875,5.228570120675223
2023-11-21,105.48999786376953,106.05999755859375,101.33999633789062,104.0,9348200,4.720001220703125,5.3128558567592075
2023-11-22,109.25,109.98999786376953,103.36000061035156,106.16999816894531,10340100,6.629997253417969,5.501426696777344
2023-11-24,115.54000091552734,116.94000244140625,107.9800033569336,108.44999694824219,11654600,8.959999084472656,5.692141396658761
2023-11-27,119.7699966430664,121.45999908447266,112.18000030517578,112.58000183105469,14205900,9.279998779296875,5.984998430524554
2023-11-28,128.27000427246094,129.25999450683594,119.69999694824219,122.05000305175781,17639100,9.55999755859375,6.297141483851841
2023-11-29,127.81999969482422,131.4199981689453,126.30000305175781,127.81999969482422,13908800,5.1199951171875,6.3442840576171875
2023-11-30,124.72000122070312,127.13999938964844,118.4000015258789,126.05999755859375,14074000,8.739997863769531,6.364998408726284
2023-12-01,133.75999450683594,134.3300018310547,125.87999725341797,126.38999938964844,13693500,8.450004577636719,6.652856009347098
2023-12-04,141.08999633789062,146.3000030517578,137.60000610351562,143.52999877929688,21561900,8.699996948242188,6.942141941615513
2023-12-05,140.1999969482422,147.86000061035156,139.17999267578125,140.0,18303400,8.680007934570312,7.167142595563616
2023-12-06,134.6300048828125,143.44000244140625,134.1199951171875,142.5,12584400,9.32000732421875,7.327142987932477
2023-12-07,136.19000244140625,138.47999572753906,130.1699981689453,131.02000427246094,9795700,8.30999755859375,7.6749997820172995
2023-12-08,146.6199951171875,146.74000549316406,135.85000610351562,136.19000244140625,12023600,10.889999389648438,8.129285539899554
2023-12-11,138.02000427246094,142.8699951171875,135.99000549316406,141.5,12160400,6.8799896240234375,8.159999302455358
2023-12-12,139.6199951171875,141.75,135.99000549316406,139.88999938964844,8303500,5.7599945068359375,8.23428453717913
2023-12-13,150.4600067138672,150.64999389648438,137.14999389648438,139.6199951171875,12514900,13.5,8.724999019077845
2023-12-14,153.6300048828125,154.74000549316406,149.10000610351562,152.10000610351562,12095100,5.6399993896484375,8.487856183733259
2023-12-15,147.89999389648438,151.9199981689453,146.83999633789062,151.80999755859375,11802300,5.0800018310546875,8.18785640171596
2023-12-18,153.42999267578125,155.00999450683594,144.0,144.80999755859375,9959900,11.009994506835938,8.291427612304688
2023-12-19,161.16000366210938,162.08999633789062,153.61000061035156,155.5,13906800,8.479995727539062,8.531427655901227
2023-12-20,161.86000061035156,169.47999572753906,160.07000732421875,164.72999572753906,16021900,9.409988403320312,8.579284123011998
2023-12-21,168.02999877929688,170.1699981689453,163.10000610351562,166.7100067138672,12081500,7.0699920654296875,8.480711800711495
2023-12-22,175.47999572753906,178.6999969482422,167.89999389648438,169.77000427246094,15832900,10.800003051757812,8.630712236676898
2023-12-26,172.0500030517578,178.1199951171875,169.0500030517578,174.8000030517578,12544800,9.069992065429688,8.658568246023995
2023-12-27,185.24000549316406,186.97000122070312,175.5,176.32000732421875,15569900,11.470001220703125,8.812139238630023
2023-12-28,186.36000061035156,187.38999938964844,177.75,179.30999755859375,17276300,9.639999389648438,8.907139369419642
2023-12-29,173.9199981689453,187.25,171.0,186.05999755859375,19724400,16.25,9.289996555873326
